method,mean,std_dev
wdecay_mlp_nn,0.37118637654077297,0.11990128138553365
wdecay_dom_mlp_nn,0.2630544556427763,0.15735608224915396
std_mlp_nn,0.21897725650298913,0.14228957771551373
dom_mlp_nn,0.34266084069492464,0.13310610251938615
ridge_reg,0.39659686482973,0.11310735715999423
linear_reg,0.3732747408160261,0.12988405702350284
baesian_ridge_reg,0.4052489421593355,0.11604369819752529
