neurons,spread,mean,std_dev
50,200,0.5355103884692689,0.13340067228667674
